{"fx": 601.6119995117188, "fy": 601.9976196289062, "ppx": 322.199462890625, "ppy": 245.46263122558594, "height": 480, "width": 640, "depth_scale": 0.0002500000118743628}