{"fx": 676.8134765625, "fy": 677.247314453125, "ppx": 482.47442626953125, "ppy": 276.1454772949219, "height": 540, "width": 960, "depth_scale": 0.0002500000118743628}